p904b;Class;Pump;
p954;Class;Pump;
xv904de_2;Class;Valve;
p904b;Class;Pump;
p954;Class;Pump;
xv904de_1;Class;Valve;
p904b;Class;Pump;
p954;Class;Pump;
xv954ab;Class;Valve;
p904b;Class;Pump;
p954;Class;Pump;
ferricopotabilestart;Class;PhysicalObject;
p904b;Class;Pump;
p954;Class;Pump;
a2ul14;Class;PhysicalObject;
p904b;Class;Pump;
p954;Class;Pump;
a2ul13;Class;PhysicalObject;
p904b;Class;Pump;
p954;Class;Pump;
ferricononpotabilestart;Class;PhysicalObject;
p904b;Class;Pump;
p954;Class;Pump;
xv904abc_1;Class;Valve;
p904b;Class;Pump;
p954;Class;Pump;
a2ul12;Class;PhysicalObject;
p904b;Class;Pump;
p954;Class;Pump;
xv904abc_2;Class;Valve;
p904b;Class;Pump;
p954;Class;Pump;
a2ul11;Class;PhysicalObject;
p904b;Class;Pump;
p954;Class;Pump;
a2ul10;Class;PhysicalObject;
p904b;Class;Pump;
p954;Class;Pump;
s-904a;Class;Tank;
p904b;Class;Pump;
p954;Class;Pump;
s-904b;Class;Tank;
p904b;Class;Pump;
p954;Class;Pump;
s-904c;Class;Tank;
p904b;Class;Pump;
p954;Class;Pump;
a2truck2exit;Class;PhysicalObject;
p904b;Class;Pump;
p954;Class;Pump;
a2truck1exit;Class;PhysicalObject;
p904b;Class;Pump;
p954;Class;Pump;
a2ul19;Class;PhysicalObject;
p904b;Class;Pump;
p954;Class;Pump;
a2ul17;Class;PhysicalObject;
p904b;Class;Pump;
p954;Class;Pump;
a2ul16;Class;PhysicalObject;
p904b;Class;Pump;
p954;Class;Pump;
a2ul18;Class;PhysicalObject;
p904b;Class;Pump;
p954;Class;Pump;
p904a;Class;Pump;
p904b;Class;Pump;
p954;Class;Pump;
a2ul15;Class;PhysicalObject;
p904b;Class;Pump;
p954;Class;Pump;
ibcexit;Class;PhysicalObject;
p904b;Class;Pump;
p954;Class;Pump;
a2ul20;Class;PhysicalObject;
Flusso_542;Class;Flow;
Flusso_542;ObjectProperty;startIn;p904b
Flusso_542;ObjectProperty;endIn;xv904de_2
Flusso_543;Class;Flow;
Flusso_543;ObjectProperty;startIn;xv904de_1
Flusso_543;ObjectProperty;endIn;xv904de_2
Flusso_544;Class;Flow;
Flusso_544;ObjectProperty;startIn;p904b
Flusso_544;ObjectProperty;endIn;xv904de_1
Flusso_545;Class;Flow;
Flusso_545;ObjectProperty;startIn;xv954ab
Flusso_545;ObjectProperty;endIn;xv904de_1
Flusso_546;Class;Flow;
Flusso_546;ObjectProperty;startIn;p954
Flusso_546;ObjectProperty;endIn;xv954ab
Flusso_547;Class;Flow;
Flusso_547;ObjectProperty;startIn;ferricopotabilestart
Flusso_547;ObjectProperty;endIn;a2ul14
Flusso_548;Class;Flow;
Flusso_548;ObjectProperty;startIn;s-904a
Flusso_548;ObjectProperty;endIn;a2ul13
Flusso_549;Class;Flow;
Flusso_549;ObjectProperty;startIn;a2ul13
Flusso_549;ObjectProperty;endIn;xv904abc_1
Flusso_550;Class;Flow;
Flusso_550;ObjectProperty;startIn;a2ul12
Flusso_550;ObjectProperty;endIn;xv904abc_1
Flusso_551;Class;Flow;
Flusso_551;ObjectProperty;startIn;a2ul11
Flusso_551;ObjectProperty;endIn;xv904abc_1
Flusso_552;Class;Flow;
Flusso_552;ObjectProperty;startIn;a2ul10
Flusso_552;ObjectProperty;endIn;xv904abc_1
Flusso_553;Class;Flow;
Flusso_553;ObjectProperty;startIn;s-904b
Flusso_553;ObjectProperty;endIn;a2ul12
Flusso_554;Class;Flow;
Flusso_554;ObjectProperty;startIn;a2ul10
Flusso_554;ObjectProperty;endIn;xv904abc_2
Flusso_555;Class;Flow;
Flusso_555;ObjectProperty;startIn;a2ul11
Flusso_555;ObjectProperty;endIn;xv904abc_2
Flusso_556;Class;Flow;
Flusso_556;ObjectProperty;startIn;a2ul12
Flusso_556;ObjectProperty;endIn;xv904abc_2
Flusso_557;Class;Flow;
Flusso_557;ObjectProperty;startIn;a2ul13
Flusso_557;ObjectProperty;endIn;xv904abc_2
Flusso_558;Class;Flow;
Flusso_558;ObjectProperty;startIn;s-904c
Flusso_558;ObjectProperty;endIn;a2ul11
Flusso_559;Class;Flow;
Flusso_559;ObjectProperty;startIn;p904a
Flusso_559;ObjectProperty;endIn;a2ul10
Flusso_560;Class;Flow;
Flusso_560;ObjectProperty;startIn;ferricononpotabilestart
Flusso_560;ObjectProperty;endIn;s-904a
Flusso_561;Class;Flow;
Flusso_561;ObjectProperty;startIn;a2ul14
Flusso_561;ObjectProperty;endIn;s-904b
Flusso_562;Class;Flow;
Flusso_562;ObjectProperty;startIn;ferricononpotabilestart
Flusso_562;ObjectProperty;endIn;s-904b
Flusso_563;Class;Flow;
Flusso_563;ObjectProperty;startIn;ferricononpotabilestart
Flusso_563;ObjectProperty;endIn;s-904c
Flusso_564;Class;Flow;
Flusso_564;ObjectProperty;startIn;a2ul14
Flusso_564;ObjectProperty;endIn;s-904c
Flusso_565;Class;Flow;
Flusso_565;ObjectProperty;startIn;xv904de_2
Flusso_565;ObjectProperty;endIn;a2truck2exit
Flusso_566;Class;Flow;
Flusso_566;ObjectProperty;startIn;xv904abc_1
Flusso_566;ObjectProperty;endIn;a2truck1exit
Flusso_567;Class;Flow;
Flusso_567;ObjectProperty;startIn;s-904c
Flusso_567;ObjectProperty;endIn;a2ul19
Flusso_568;Class;Flow;
Flusso_568;ObjectProperty;startIn;s-904b
Flusso_568;ObjectProperty;endIn;a2ul17
Flusso_569;Class;Flow;
Flusso_569;ObjectProperty;startIn;s-904b
Flusso_569;ObjectProperty;endIn;a2ul16
Flusso_570;Class;Flow;
Flusso_570;ObjectProperty;startIn;s-904c
Flusso_570;ObjectProperty;endIn;a2ul18
Flusso_571;Class;Flow;
Flusso_571;ObjectProperty;startIn;a2ul20
Flusso_571;ObjectProperty;endIn;p904a
Flusso_572;Class;Flow;
Flusso_572;ObjectProperty;startIn;s-904a
Flusso_572;ObjectProperty;endIn;a2ul15
Flusso_573;Class;Flow;
Flusso_573;ObjectProperty;startIn;a2ul13
Flusso_573;ObjectProperty;endIn;ibcexit
Flusso_574;Class;Flow;
Flusso_574;ObjectProperty;startIn;a2ul12
Flusso_574;ObjectProperty;endIn;ibcexit
Flusso_575;Class;Flow;
Flusso_575;ObjectProperty;startIn;a2ul11
Flusso_575;ObjectProperty;endIn;ibcexit
Flusso_576;Class;Flow;
Flusso_576;ObjectProperty;startIn;a2ul10
Flusso_576;ObjectProperty;endIn;ibcexit
Flusso_577;Class;Flow;
Flusso_577;ObjectProperty;startIn;a2ul19
Flusso_577;ObjectProperty;endIn;a2ul20
Flusso_578;Class;Flow;
Flusso_578;ObjectProperty;startIn;a2ul15
Flusso_578;ObjectProperty;endIn;a2ul20
Flusso_579;Class;Flow;
Flusso_579;ObjectProperty;startIn;a2ul16
Flusso_579;ObjectProperty;endIn;a2ul20
Flusso_580;Class;Flow;
Flusso_580;ObjectProperty;startIn;a2ul19
Flusso_580;ObjectProperty;endIn;a2ul20
Flusso_581;Class;Flow;
Flusso_581;ObjectProperty;startIn;a2ul19
Flusso_581;ObjectProperty;endIn;a2ul20
Flusso_582;Class;Flow;
Flusso_582;ObjectProperty;startIn;a2ul17
Flusso_582;ObjectProperty;endIn;a2ul20
Flusso_583;Class;Flow;
Flusso_583;ObjectProperty;startIn;a2ul18
Flusso_583;ObjectProperty;endIn;a2ul20
fi900;Class;Sensor;
Not-specified;Class;UnitOfMeasure;
fi900;ObjectProperty;canMeasureIn;Not-specified
fi900;ObjectProperty;isContainedIn;p904a
li904c;Class;Sensor;
percentage;Class;UnitOfMeasure;
li904c;ObjectProperty;canMeasureIn;percentage
li904c;ObjectProperty;isContainedIn;s-904c
li904b;Class;Sensor;
percentage;Class;UnitOfMeasure;
li904b;ObjectProperty;canMeasureIn;percentage
li904b;ObjectProperty;isContainedIn;s-904b
p904b;ObjectProperty;to;xv904de_2
xv904de_1;ObjectProperty;to;xv904de_2
p904b;ObjectProperty;to;xv904de_1
xv954ab;ObjectProperty;to;xv904de_1
p954;ObjectProperty;to;xv954ab
ferricopotabilestart;ObjectProperty;to;a2ul14
s-904a;ObjectProperty;to;a2ul13
a2ul13;ObjectProperty;to;xv904abc_1
a2ul12;ObjectProperty;to;xv904abc_1
a2ul11;ObjectProperty;to;xv904abc_1
a2ul10;ObjectProperty;to;xv904abc_1
s-904b;ObjectProperty;to;a2ul12
a2ul10;ObjectProperty;to;xv904abc_2
a2ul11;ObjectProperty;to;xv904abc_2
a2ul12;ObjectProperty;to;xv904abc_2
a2ul13;ObjectProperty;to;xv904abc_2
s-904c;ObjectProperty;to;a2ul11
p904a;ObjectProperty;to;a2ul10
ferricononpotabilestart;ObjectProperty;to;s-904a
a2ul14;ObjectProperty;to;s-904b
ferricononpotabilestart;ObjectProperty;to;s-904b
ferricononpotabilestart;ObjectProperty;to;s-904c
a2ul14;ObjectProperty;to;s-904c
xv904de_2;ObjectProperty;to;a2truck2exit
xv904abc_1;ObjectProperty;to;a2truck1exit
s-904c;ObjectProperty;to;a2ul19
s-904b;ObjectProperty;to;a2ul17
s-904b;ObjectProperty;to;a2ul16
s-904c;ObjectProperty;to;a2ul18
a2ul20;ObjectProperty;to;p904a
s-904a;ObjectProperty;to;a2ul15
a2ul13;ObjectProperty;to;ibcexit
a2ul12;ObjectProperty;to;ibcexit
a2ul11;ObjectProperty;to;ibcexit
a2ul10;ObjectProperty;to;ibcexit
a2ul19;ObjectProperty;to;a2ul20
a2ul15;ObjectProperty;to;a2ul20
a2ul16;ObjectProperty;to;a2ul20
a2ul19;ObjectProperty;to;a2ul20
a2ul19;ObjectProperty;to;a2ul20
a2ul17;ObjectProperty;to;a2ul20
a2ul18;ObjectProperty;to;a2ul20
