xv631;Class;Valve;
sv650_2;Class;Tank;
ariaatmosfericastart;Class;PhysicalObject;
ul26;Class;PhysicalObject;
ventgasexit;Class;PhysicalObject;
sv650_1;Class;Tank;
xv406;Class;Valve;
ul23;Class;PhysicalObject;
ul22;Class;PhysicalObject;
sv640_2;Class;Tank;
sv650_2;Class;Tank;
awstart;Class;PhysicalObject;
ul25;Class;PhysicalObject;
awstart1;Class;PhysicalObject;
n2start;Class;PhysicalObject;
ul24;Class;PhysicalObject;
sv650_1;Class;Tank;
ul23;Class;PhysicalObject;
sv640_1;Class;Tank;
xv808;Class;Valve;
ul25;Class;PhysicalObject;
hclstart1;Class;PhysicalObject;
sv640p;Class;Tank;
n2start2;Class;PhysicalObject;
sv650p;Class;Tank;
airstart;Class;PhysicalObject;
ul24;Class;PhysicalObject;
cwexit1;Class;PhysicalObject;
sv640p1;Class;Tank;
sv640p;Class;Tank;
cwstart1;Class;PhysicalObject;
p642;Class;Pump;
airstart;Class;PhysicalObject;
xv630_2;Class;Valve;
degasamentoexit;Class;PhysicalObject;
xv630_1;Class;Valve;
ul29;Class;PhysicalObject;
sv650p;Class;Tank;
ul24;Class;PhysicalObject;
cl2start;Class;PhysicalObject;
ul28;Class;PhysicalObject;
hclexit;Class;PhysicalObject;
p602;Class;Pump;
n2start;Class;PhysicalObject;
h2start;Class;PhysicalObject;
cwstart;Class;PhysicalObject;
k601c;Class;PhysicalObject;
ul26;Class;PhysicalObject;
pah640;Class;Pump;
Flusso_0;Class;Flow;
Flusso_0;ObjectProperty;startIn;ariaatmosfericastart
Flusso_0;ObjectProperty;endIn;xv631
Flusso_1;Class;Flow;
Flusso_1;ObjectProperty;startIn;n2start
Flusso_1;ObjectProperty;endIn;sv650_2
Flusso_2;Class;Flow;
Flusso_2;ObjectProperty;startIn;xv631
Flusso_2;ObjectProperty;endIn;ul26
Flusso_3;Class;Flow;
Flusso_3;ObjectProperty;startIn;pah640
Flusso_3;ObjectProperty;endIn;ventgasexit
Flusso_4;Class;Flow;
Flusso_4;ObjectProperty;startIn;n2start
Flusso_4;ObjectProperty;endIn;sv650_1
Flusso_5;Class;Flow;
Flusso_5;ObjectProperty;startIn;awstart
Flusso_5;ObjectProperty;endIn;xv406
Flusso_6;Class;Flow;
Flusso_6;ObjectProperty;startIn;sv640_2
Flusso_6;ObjectProperty;endIn;ul23
Flusso_7;Class;Flow;
Flusso_7;ObjectProperty;startIn;xv630_1
Flusso_7;ObjectProperty;endIn;ul22
Flusso_8;Class;Flow;
Flusso_8;ObjectProperty;startIn;ul22
Flusso_8;ObjectProperty;endIn;sv640_2
Flusso_9;Class;Flow;
Flusso_9;ObjectProperty;startIn;n2start
Flusso_9;ObjectProperty;endIn;sv650_2
Flusso_10;Class;Flow;
Flusso_10;ObjectProperty;startIn;awstart1
Flusso_10;ObjectProperty;endIn;ul25
Flusso_11;Class;Flow;
Flusso_11;ObjectProperty;startIn;sv640_1
Flusso_11;ObjectProperty;endIn;ul24
Flusso_12;Class;Flow;
Flusso_12;ObjectProperty;startIn;sv650_1
Flusso_12;ObjectProperty;endIn;ul24
Flusso_13;Class;Flow;
Flusso_13;ObjectProperty;startIn;n2start
Flusso_13;ObjectProperty;endIn;sv650_1
Flusso_14;Class;Flow;
Flusso_14;ObjectProperty;startIn;k601c
Flusso_14;ObjectProperty;endIn;ul23
Flusso_15;Class;Flow;
Flusso_15;ObjectProperty;startIn;ul23
Flusso_15;ObjectProperty;endIn;sv640_1
Flusso_16;Class;Flow;
Flusso_16;ObjectProperty;startIn;n2start
Flusso_16;ObjectProperty;endIn;xv808
Flusso_17;Class;Flow;
Flusso_17;ObjectProperty;startIn;xv630_1
Flusso_17;ObjectProperty;endIn;ul25
Flusso_18;Class;Flow;
Flusso_18;ObjectProperty;startIn;k601c
Flusso_18;ObjectProperty;endIn;sv640p
Flusso_19;Class;Flow;
Flusso_19;ObjectProperty;startIn;n2start
Flusso_19;ObjectProperty;endIn;sv650p
Flusso_20;Class;Flow;
Flusso_20;ObjectProperty;startIn;k601c
Flusso_20;ObjectProperty;endIn;ul24
Flusso_21;Class;Flow;
Flusso_21;ObjectProperty;startIn;ul26
Flusso_21;ObjectProperty;endIn;cwexit1
Flusso_22;Class;Flow;
Flusso_22;ObjectProperty;startIn;airstart
Flusso_22;ObjectProperty;endIn;sv640p1
Flusso_23;Class;Flow;
Flusso_23;ObjectProperty;startIn;k601c
Flusso_23;ObjectProperty;endIn;sv640p
Flusso_24;Class;Flow;
Flusso_24;ObjectProperty;startIn;ul26
Flusso_24;ObjectProperty;endIn;p642
Flusso_25;Class;Flow;
Flusso_25;ObjectProperty;startIn;xv630_1
Flusso_25;ObjectProperty;endIn;xv630_2
Flusso_26;Class;Flow;
Flusso_26;ObjectProperty;startIn;xv630_2
Flusso_26;ObjectProperty;endIn;degasamentoexit
Flusso_27;Class;Flow;
Flusso_27;ObjectProperty;startIn;cl2start
Flusso_27;ObjectProperty;endIn;xv630_1
Flusso_28;Class;Flow;
Flusso_28;ObjectProperty;startIn;p602
Flusso_28;ObjectProperty;endIn;ul29
Flusso_29;Class;Flow;
Flusso_29;ObjectProperty;startIn;n2start
Flusso_29;ObjectProperty;endIn;sv650p
Flusso_30;Class;Flow;
Flusso_30;ObjectProperty;startIn;k601c
Flusso_30;ObjectProperty;endIn;ul24
Flusso_31;Class;Flow;
Flusso_31;ObjectProperty;startIn;pah640
Flusso_31;ObjectProperty;endIn;ul28
Flusso_32;Class;Flow;
Flusso_32;ObjectProperty;startIn;ul29
Flusso_32;ObjectProperty;endIn;hclexit
Flusso_33;Class;Flow;
Flusso_33;ObjectProperty;startIn;ul28
Flusso_33;ObjectProperty;endIn;p602
Flusso_34;Class;Flow;
Flusso_34;ObjectProperty;startIn;h2start
Flusso_34;ObjectProperty;endIn;k601c
Flusso_35;Class;Flow;
Flusso_35;ObjectProperty;startIn;pah640
Flusso_35;ObjectProperty;endIn;ul26
Flusso_36;Class;Flow;
Flusso_36;ObjectProperty;startIn;cwstart1
Flusso_36;ObjectProperty;endIn;ul26
Flusso_37;Class;Flow;
Flusso_37;ObjectProperty;startIn;hclstart1
Flusso_37;ObjectProperty;endIn;ul26
Flusso_38;Class;Flow;
Flusso_38;ObjectProperty;startIn;ul25
Flusso_38;ObjectProperty;endIn;ul26
Flusso_39;Class;Flow;
Flusso_39;ObjectProperty;startIn;awstart1
Flusso_39;ObjectProperty;endIn;ul26
Flusso_40;Class;Flow;
Flusso_40;ObjectProperty;startIn;cwstart
Flusso_40;ObjectProperty;endIn;pah640
Flusso_41;Class;Flow;
Flusso_41;ObjectProperty;startIn;sv640p
Flusso_41;ObjectProperty;endIn;pah640
Flusso_42;Class;Flow;
Flusso_42;ObjectProperty;startIn;sv650p
Flusso_42;ObjectProperty;endIn;pah640
Flusso_43;Class;Flow;
Flusso_43;ObjectProperty;startIn;sv640_1
Flusso_43;ObjectProperty;endIn;pah640
Flusso_44;Class;Flow;
Flusso_44;ObjectProperty;startIn;sv650_1
Flusso_44;ObjectProperty;endIn;pah640
Flusso_45;Class;Flow;
Flusso_45;ObjectProperty;startIn;sv640_2
Flusso_45;ObjectProperty;endIn;pah640
Flusso_46;Class;Flow;
Flusso_46;ObjectProperty;startIn;ul26
Flusso_46;ObjectProperty;endIn;pah640
Flusso_47;Class;Flow;
Flusso_47;ObjectProperty;startIn;xv406
Flusso_47;ObjectProperty;endIn;pah640
Flusso_48;Class;Flow;
Flusso_48;ObjectProperty;startIn;xv808
Flusso_48;ObjectProperty;endIn;pah640
Flusso_49;Class;Flow;
Flusso_49;ObjectProperty;startIn;p642
Flusso_49;ObjectProperty;endIn;pah640
fi604;Class;Sensor;
m3-h;Class;UnitOfMeasure;
fi604;ObjectProperty;canMeasureIn;m3-h
fi604;ObjectProperty;isContainedIn;hclexit
pi601_4;Class;Sensor;
mmh20;Class;UnitOfMeasure;
pi601_4;ObjectProperty;canMeasureIn;mmh20
pi601_4;ObjectProperty;isContainedIn;h2start
pic602a;Class;Sensor;
mmh2c;Class;UnitOfMeasure;
pic602a;ObjectProperty;canMeasureIn;mmh2c
pic602a;ObjectProperty;isContainedIn;ul23
fic640_2;Class;Sensor;
nm3-h;Class;UnitOfMeasure;
fic640_2;ObjectProperty;canMeasureIn;nm3-h
fic640_2;ObjectProperty;isContainedIn;ul25
lic641_2;Class;Sensor;
percentage;Class;UnitOfMeasure;
lic641_2;ObjectProperty;canMeasureIn;percentage
lic641_2;ObjectProperty;isContainedIn;p642
lic641_2;ObjectProperty;isContainedIn;ul26
ti640;Class;Sensor;
c;Class;UnitOfMeasure;
ti640;ObjectProperty;canMeasureIn;c
ti640;ObjectProperty;isContainedIn;pah640
ti641;Class;Sensor;
c;Class;UnitOfMeasure;
ti641;ObjectProperty;canMeasureIn;c
ti641;ObjectProperty;isContainedIn;ul22
ti642;Class;Sensor;
c;Class;UnitOfMeasure;
ti642;ObjectProperty;canMeasureIn;c
ti642;ObjectProperty;isContainedIn;pah640
ti644;Class;Sensor;
c;Class;UnitOfMeasure;
ti644;ObjectProperty;canMeasureIn;c
ti644;ObjectProperty;isContainedIn;pah640
fi604;Class;Sensor;
m3-h;Class;UnitOfMeasure;
fi604;ObjectProperty;canMeasureIn;m3-h
fi604;ObjectProperty;isContainedIn;hclexit
lic312d;Class;Sensor;
percentage;Class;UnitOfMeasure;
lic312d;ObjectProperty;canMeasureIn;percentage
lic312d;ObjectProperty;isContainedIn;ul28
fi660_1;Class;Sensor;
m3-h;Class;UnitOfMeasure;
fi660_1;ObjectProperty;canMeasureIn;m3-h
fi660_1;ObjectProperty;isContainedIn;cwstart
fi660_2;Class;Sensor;
m3-h;Class;UnitOfMeasure;
fi660_2;ObjectProperty;canMeasureIn;m3-h
fi660_2;ObjectProperty;isContainedIn;cwstart1
ariaatmosfericastart;ObjectProperty;to;xv631
n2start;ObjectProperty;to;sv650_2
xv631;ObjectProperty;to;ul26
pah640;ObjectProperty;to;ventgasexit
n2start;ObjectProperty;to;sv650_1
awstart;ObjectProperty;to;xv406
sv640_2;ObjectProperty;to;ul23
xv630_1;ObjectProperty;to;ul22
ul22;ObjectProperty;to;sv640_2
n2start;ObjectProperty;to;sv650_2
awstart1;ObjectProperty;to;ul25
sv640_1;ObjectProperty;to;ul24
sv650_1;ObjectProperty;to;ul24
n2start;ObjectProperty;to;sv650_1
k601c;ObjectProperty;to;ul23
ul23;ObjectProperty;to;sv640_1
n2start;ObjectProperty;to;xv808
xv630_1;ObjectProperty;to;ul25
k601c;ObjectProperty;to;sv640p
n2start;ObjectProperty;to;sv650p
k601c;ObjectProperty;to;ul24
ul26;ObjectProperty;to;cwexit1
airstart;ObjectProperty;to;sv640p1
k601c;ObjectProperty;to;sv640p
ul26;ObjectProperty;to;p642
xv630_1;ObjectProperty;to;xv630_2
xv630_2;ObjectProperty;to;degasamentoexit
cl2start;ObjectProperty;to;xv630_1
p602;ObjectProperty;to;ul29
n2start;ObjectProperty;to;sv650p
k601c;ObjectProperty;to;ul24
pah640;ObjectProperty;to;ul28
ul29;ObjectProperty;to;hclexit
ul28;ObjectProperty;to;p602
h2start;ObjectProperty;to;k601c
pah640;ObjectProperty;to;ul26
cwstart1;ObjectProperty;to;ul26
hclstart1;ObjectProperty;to;ul26
ul25;ObjectProperty;to;ul26
awstart1;ObjectProperty;to;ul26
cwstart;ObjectProperty;to;pah640
sv640p;ObjectProperty;to;pah640
sv650p;ObjectProperty;to;pah640
sv640_1;ObjectProperty;to;pah640
sv650_1;ObjectProperty;to;pah640
sv640_2;ObjectProperty;to;pah640
ul26;ObjectProperty;to;pah640
xv406;ObjectProperty;to;pah640
xv808;ObjectProperty;to;pah640
p642;ObjectProperty;to;pah640
