p-901start;Class;PhysicalObject;
c905exit;Class;PhysicalObject;
p-900start;Class;PhysicalObject;
ul40;Class;PhysicalObject;
ul45;Class;PhysicalObject;
c-910;Class;Container;
cv-905-1;Class;Container;
gasdagpsstart;Class;PhysicalObject;
ul41;Class;PhysicalObject;
cl2-da-k2204start;Class;PhysicalObject;
ul44;Class;PhysicalObject;
xv901a;Class;Valve;
s-954a;Class;Tank;
ul42;Class;PhysicalObject;
xv912_1;Class;Valve;
s-954b;Class;Tank;
c-909;Class;Container;
degasamentoexit;Class;PhysicalObject;
xv912_2;Class;Valve;
xv901b;Class;Valve;
ul43;Class;PhysicalObject;
ul46;Class;PhysicalObject;
r980;Class;PhysicalObject;
ms-922;Class;PhysicalObject;
s-909;Class;Tank;
s-901;Class;Tank;
s-900exit;Class;PhysicalObject;
s-910;Class;Tank;
s-910astart;Class;PhysicalObject;
ul47;Class;PhysicalObject;
p902b;Class;Pump;
900-p910b;Class;PhysicalObject;
900-p910c;Class;PhysicalObject;
atbstart2;Class;PhysicalObject;
p902a;Class;Pump;
p909;Class;Pump;
900-p910a;Class;PhysicalObject;
atbstart1;Class;PhysicalObject;
Flusso_485;Class;Flow;
Flusso_485;ObjectProperty;startIn;c-910
Flusso_485;ObjectProperty;endIn;c905exit
Flusso_486;Class;Flow;
Flusso_486;ObjectProperty;startIn;s-901
Flusso_486;ObjectProperty;endIn;ul40
Flusso_487;Class;Flow;
Flusso_487;ObjectProperty;startIn;900-p910c
Flusso_487;ObjectProperty;endIn;ul40
Flusso_488;Class;Flow;
Flusso_488;ObjectProperty;startIn;900-p910a
Flusso_488;ObjectProperty;endIn;ul40
Flusso_489;Class;Flow;
Flusso_489;ObjectProperty;startIn;900-p910b
Flusso_489;ObjectProperty;endIn;ul40
Flusso_490;Class;Flow;
Flusso_490;ObjectProperty;startIn;p-901start
Flusso_490;ObjectProperty;endIn;ul45
Flusso_491;Class;Flow;
Flusso_491;ObjectProperty;startIn;p-900start
Flusso_491;ObjectProperty;endIn;ul45
Flusso_492;Class;Flow;
Flusso_492;ObjectProperty;startIn;ul40
Flusso_492;ObjectProperty;endIn;c-910
Flusso_493;Class;Flow;
Flusso_493;ObjectProperty;startIn;ul41
Flusso_493;ObjectProperty;endIn;c-910
Flusso_494;Class;Flow;
Flusso_494;ObjectProperty;startIn;ul42
Flusso_494;ObjectProperty;endIn;c-910
Flusso_495;Class;Flow;
Flusso_495;ObjectProperty;startIn;gasdagpsstart
Flusso_495;ObjectProperty;endIn;cv-905-1
Flusso_496;Class;Flow;
Flusso_496;ObjectProperty;startIn;p902a
Flusso_496;ObjectProperty;endIn;ul41
Flusso_497;Class;Flow;
Flusso_497;ObjectProperty;startIn;p902b
Flusso_497;ObjectProperty;endIn;ul41
Flusso_498;Class;Flow;
Flusso_498;ObjectProperty;startIn;p909
Flusso_498;ObjectProperty;endIn;ul41
Flusso_499;Class;Flow;
Flusso_499;ObjectProperty;startIn;xv901a
Flusso_499;ObjectProperty;endIn;ul44
Flusso_500;Class;Flow;
Flusso_500;ObjectProperty;startIn;xv901b
Flusso_500;ObjectProperty;endIn;ul44
Flusso_501;Class;Flow;
Flusso_501;ObjectProperty;startIn;cl2-da-k2204start
Flusso_501;ObjectProperty;endIn;xv901a
Flusso_502;Class;Flow;
Flusso_502;ObjectProperty;startIn;900-p910c
Flusso_502;ObjectProperty;endIn;s-954a
Flusso_503;Class;Flow;
Flusso_503;ObjectProperty;startIn;s-901
Flusso_503;ObjectProperty;endIn;s-954a
Flusso_504;Class;Flow;
Flusso_504;ObjectProperty;startIn;900-p910a
Flusso_504;ObjectProperty;endIn;s-954a
Flusso_505;Class;Flow;
Flusso_505;ObjectProperty;startIn;900-p910b
Flusso_505;ObjectProperty;endIn;s-954a
Flusso_506;Class;Flow;
Flusso_506;ObjectProperty;startIn;xv912_1
Flusso_506;ObjectProperty;endIn;ul42
Flusso_507;Class;Flow;
Flusso_507;ObjectProperty;startIn;xv912_2
Flusso_507;ObjectProperty;endIn;ul42
Flusso_508;Class;Flow;
Flusso_508;ObjectProperty;startIn;cl2-da-k2204start
Flusso_508;ObjectProperty;endIn;xv912_1
Flusso_509;Class;Flow;
Flusso_509;ObjectProperty;startIn;900-p910c
Flusso_509;ObjectProperty;endIn;s-954b
Flusso_510;Class;Flow;
Flusso_510;ObjectProperty;startIn;s-901
Flusso_510;ObjectProperty;endIn;s-954b
Flusso_511;Class;Flow;
Flusso_511;ObjectProperty;startIn;900-p910a
Flusso_511;ObjectProperty;endIn;s-954b
Flusso_512;Class;Flow;
Flusso_512;ObjectProperty;startIn;900-p910b
Flusso_512;ObjectProperty;endIn;s-954b
Flusso_513;Class;Flow;
Flusso_513;ObjectProperty;startIn;ul44
Flusso_513;ObjectProperty;endIn;c-909
Flusso_514;Class;Flow;
Flusso_514;ObjectProperty;startIn;ul45
Flusso_514;ObjectProperty;endIn;c-909
Flusso_515;Class;Flow;
Flusso_515;ObjectProperty;startIn;cv-905-1
Flusso_515;ObjectProperty;endIn;c-909
Flusso_516;Class;Flow;
Flusso_516;ObjectProperty;startIn;xv912_2
Flusso_516;ObjectProperty;endIn;degasamentoexit
Flusso_517;Class;Flow;
Flusso_517;ObjectProperty;startIn;xv901b
Flusso_517;ObjectProperty;endIn;degasamentoexit
Flusso_518;Class;Flow;
Flusso_518;ObjectProperty;startIn;xv912_1
Flusso_518;ObjectProperty;endIn;xv912_2
Flusso_519;Class;Flow;
Flusso_519;ObjectProperty;startIn;xv901a
Flusso_519;ObjectProperty;endIn;xv901b
Flusso_520;Class;Flow;
Flusso_520;ObjectProperty;startIn;p902a
Flusso_520;ObjectProperty;endIn;ul43
Flusso_521;Class;Flow;
Flusso_521;ObjectProperty;startIn;p902b
Flusso_521;ObjectProperty;endIn;ul43
Flusso_522;Class;Flow;
Flusso_522;ObjectProperty;startIn;p909
Flusso_522;ObjectProperty;endIn;ul43
Flusso_523;Class;Flow;
Flusso_523;ObjectProperty;startIn;p909
Flusso_523;ObjectProperty;endIn;ul46
Flusso_524;Class;Flow;
Flusso_524;ObjectProperty;startIn;ul43
Flusso_524;ObjectProperty;endIn;r980
Flusso_525;Class;Flow;
Flusso_525;ObjectProperty;startIn;ul46
Flusso_525;ObjectProperty;endIn;ms-922
Flusso_526;Class;Flow;
Flusso_526;ObjectProperty;startIn;c-909
Flusso_526;ObjectProperty;endIn;s-909
Flusso_527;Class;Flow;
Flusso_527;ObjectProperty;startIn;900-p910a
Flusso_527;ObjectProperty;endIn;s-901
Flusso_528;Class;Flow;
Flusso_528;ObjectProperty;startIn;900-p910b
Flusso_528;ObjectProperty;endIn;s-901
Flusso_529;Class;Flow;
Flusso_529;ObjectProperty;startIn;ul47
Flusso_529;ObjectProperty;endIn;s-900exit
Flusso_530;Class;Flow;
Flusso_530;ObjectProperty;startIn;c-910
Flusso_530;ObjectProperty;endIn;s-910
Flusso_531;Class;Flow;
Flusso_531;ObjectProperty;startIn;p909
Flusso_531;ObjectProperty;endIn;ul47
Flusso_532;Class;Flow;
Flusso_532;ObjectProperty;startIn;s-910
Flusso_532;ObjectProperty;endIn;p902b
Flusso_533;Class;Flow;
Flusso_533;ObjectProperty;startIn;p902a
Flusso_533;ObjectProperty;endIn;p902b
Flusso_534;Class;Flow;
Flusso_534;ObjectProperty;startIn;atbstart2
Flusso_534;ObjectProperty;endIn;900-p910b
Flusso_535;Class;Flow;
Flusso_535;ObjectProperty;startIn;900-p910a
Flusso_535;ObjectProperty;endIn;900-p910b
Flusso_536;Class;Flow;
Flusso_536;ObjectProperty;startIn;s-910astart
Flusso_536;ObjectProperty;endIn;900-p910c
Flusso_537;Class;Flow;
Flusso_537;ObjectProperty;startIn;atbstart1
Flusso_537;ObjectProperty;endIn;900-p910c
Flusso_538;Class;Flow;
Flusso_538;ObjectProperty;startIn;s-910
Flusso_538;ObjectProperty;endIn;p902a
Flusso_539;Class;Flow;
Flusso_539;ObjectProperty;startIn;s-909
Flusso_539;ObjectProperty;endIn;p909
Flusso_540;Class;Flow;
Flusso_540;ObjectProperty;startIn;s-901
Flusso_540;ObjectProperty;endIn;900-p910a
Flusso_541;Class;Flow;
Flusso_541;ObjectProperty;startIn;atbstart2
Flusso_541;ObjectProperty;endIn;900-p910a
fic901;Class;Sensor;
l-hr;Class;UnitOfMeasure;
fic901;ObjectProperty;canMeasureIn;l-hr
fic901;ObjectProperty;isContainedIn;ul40
fic909-2;Class;Sensor;
m3-h;Class;UnitOfMeasure;
fic909-2;ObjectProperty;canMeasureIn;m3-h
fic909-2;ObjectProperty;isContainedIn;ul45
pi909-2;Class;Sensor;
mmh20;Class;UnitOfMeasure;
pi909-2;ObjectProperty;canMeasureIn;mmh20
pi909-2;ObjectProperty;isContainedIn;c-909
fic902;Class;Sensor;
l-hr;Class;UnitOfMeasure;
fic902;ObjectProperty;canMeasureIn;l-hr
fic902;ObjectProperty;isContainedIn;ul41
fic253_4;Class;Sensor;
nm3-h;Class;UnitOfMeasure;
fic253_4;ObjectProperty;canMeasureIn;nm3-h
fic253_4;ObjectProperty;isContainedIn;ul44
fic912;Class;Sensor;
nm3-h;Class;UnitOfMeasure;
fic912;ObjectProperty;canMeasureIn;nm3-h
fic912;ObjectProperty;isContainedIn;ul42
node-rh910;Class;Sensor;
Not-specified;Class;UnitOfMeasure;
node-rh910;ObjectProperty;canMeasureIn;Not-specified
node-rh910;ObjectProperty;isContainedIn;p902a
pi909-1;Class;Sensor;
mmh20;Class;UnitOfMeasure;
pi909-1;ObjectProperty;canMeasureIn;mmh20
pi909-1;ObjectProperty;isContainedIn;c-909
pi901;Class;Sensor;
mmh2o;Class;UnitOfMeasure;
pi901;ObjectProperty;canMeasureIn;mmh2o
pi901;ObjectProperty;isContainedIn;xv901a
ti900;Class;Sensor;
c;Class;UnitOfMeasure;
ti900;ObjectProperty;canMeasureIn;c
ti900;ObjectProperty;isContainedIn;c-910
lic910;Class;Sensor;
percentage;Class;UnitOfMeasure;
lic910;ObjectProperty;canMeasureIn;percentage
lic910;ObjectProperty;isContainedIn;s-910
lic909;Class;Sensor;
percentage;Class;UnitOfMeasure;
lic909;ObjectProperty;canMeasureIn;percentage
lic909;ObjectProperty;isContainedIn;s-909
rh900;Class;Sensor;
mv;Class;UnitOfMeasure;
rh900;ObjectProperty;canMeasureIn;mv
rh900;ObjectProperty;isContainedIn;s-909
hc900;Class;Sensor;
percentage;Class;UnitOfMeasure;
hc900;ObjectProperty;canMeasureIn;percentage
hc900;ObjectProperty;isContainedIn;ul46
c-910;ObjectProperty;to;c905exit
s-901;ObjectProperty;to;ul40
900-p910c;ObjectProperty;to;ul40
900-p910a;ObjectProperty;to;ul40
900-p910b;ObjectProperty;to;ul40
p-901start;ObjectProperty;to;ul45
p-900start;ObjectProperty;to;ul45
ul40;ObjectProperty;to;c-910
ul41;ObjectProperty;to;c-910
ul42;ObjectProperty;to;c-910
gasdagpsstart;ObjectProperty;to;cv-905-1
p902a;ObjectProperty;to;ul41
p902b;ObjectProperty;to;ul41
p909;ObjectProperty;to;ul41
xv901a;ObjectProperty;to;ul44
xv901b;ObjectProperty;to;ul44
cl2-da-k2204start;ObjectProperty;to;xv901a
900-p910c;ObjectProperty;to;s-954a
s-901;ObjectProperty;to;s-954a
900-p910a;ObjectProperty;to;s-954a
900-p910b;ObjectProperty;to;s-954a
xv912_1;ObjectProperty;to;ul42
xv912_2;ObjectProperty;to;ul42
cl2-da-k2204start;ObjectProperty;to;xv912_1
900-p910c;ObjectProperty;to;s-954b
s-901;ObjectProperty;to;s-954b
900-p910a;ObjectProperty;to;s-954b
900-p910b;ObjectProperty;to;s-954b
ul44;ObjectProperty;to;c-909
ul45;ObjectProperty;to;c-909
cv-905-1;ObjectProperty;to;c-909
xv912_2;ObjectProperty;to;degasamentoexit
xv901b;ObjectProperty;to;degasamentoexit
xv912_1;ObjectProperty;to;xv912_2
xv901a;ObjectProperty;to;xv901b
p902a;ObjectProperty;to;ul43
p902b;ObjectProperty;to;ul43
p909;ObjectProperty;to;ul43
p909;ObjectProperty;to;ul46
ul43;ObjectProperty;to;r980
ul46;ObjectProperty;to;ms-922
c-909;ObjectProperty;to;s-909
900-p910a;ObjectProperty;to;s-901
900-p910b;ObjectProperty;to;s-901
ul47;ObjectProperty;to;s-900exit
c-910;ObjectProperty;to;s-910
p909;ObjectProperty;to;ul47
s-910;ObjectProperty;to;p902b
p902a;ObjectProperty;to;p902b
atbstart2;ObjectProperty;to;900-p910b
900-p910a;ObjectProperty;to;900-p910b
s-910astart;ObjectProperty;to;900-p910c
atbstart1;ObjectProperty;to;900-p910c
s-910;ObjectProperty;to;p902a
s-909;ObjectProperty;to;p909
s-901;ObjectProperty;to;900-p910a
atbstart2;ObjectProperty;to;900-p910a
