start1;Class;PhysicalObject;
ul65;Class;PhysicalObject;
xv1703b;Class;Valve;
start2;Class;PhysicalObject;
v1702;Class;PhysicalObject;
k1701a;Class;PhysicalObject;
k1701b;Class;PhysicalObject;
xv1703a;Class;Valve;
ul60;Class;PhysicalObject;
naohstart;Class;PhysicalObject;
c1701a;Class;Container;
h20start3;Class;PhysicalObject;
h2ostart2;Class;PhysicalObject;
c1701b;Class;Container;
e1701a;Class;PhysicalObject;
e1701b;Class;PhysicalObject;
e1702;Class;PhysicalObject;
ul61;Class;PhysicalObject;
h2odemistart;Class;PhysicalObject;
ul63;Class;PhysicalObject;
ul64;Class;PhysicalObject;
ul62;Class;PhysicalObject;
h2ostart;Class;PhysicalObject;
xv1733;Class;Valve;
xv1739;Class;Valve;
xv1736;Class;Valve;
xv1735;Class;Valve;
xv1740;Class;Valve;
xv1706c;Class;Valve;
xv1707c;Class;Valve;
p1701b;Class;Pump;
xv1707a;Class;Valve;
xv1706b;Class;Valve;
stoccaggioexit;Class;PhysicalObject;
p1701a;Class;Pump;
p1701c;Class;Pump;
xv1706a;Class;Valve;
v1701c;Class;PhysicalObject;
v1701b;Class;PhysicalObject;
v1701a;Class;PhysicalObject;
xv1701c;Class;Valve;
xv1709c;Class;Valve;
xv1741;Class;Valve;
xv1701b;Class;Valve;
xv1709b;Class;Valve;
xv1701a;Class;Valve;
xv1709a;Class;Valve;
xv1738;Class;Valve;
p1702a;Class;Pump;
xv1737;Class;Valve;
p1702b;Class;Pump;
Flusso_176;Class;Flow;
Flusso_176;ObjectProperty;startIn;start1
Flusso_176;ObjectProperty;endIn;ul65
Flusso_177;Class;Flow;
Flusso_177;ObjectProperty;startIn;start2
Flusso_177;ObjectProperty;endIn;ul65
Flusso_178;Class;Flow;
Flusso_178;ObjectProperty;startIn;start1
Flusso_178;ObjectProperty;endIn;xv1703b
Flusso_179;Class;Flow;
Flusso_179;ObjectProperty;startIn;start2
Flusso_179;ObjectProperty;endIn;xv1703b
Flusso_180;Class;Flow;
Flusso_180;ObjectProperty;startIn;c1701a
Flusso_180;ObjectProperty;endIn;xv1703b
Flusso_181;Class;Flow;
Flusso_181;ObjectProperty;startIn;c1701b
Flusso_181;ObjectProperty;endIn;xv1703b
Flusso_182;Class;Flow;
Flusso_182;ObjectProperty;startIn;ul65
Flusso_182;ObjectProperty;endIn;v1702
Flusso_183;Class;Flow;
Flusso_183;ObjectProperty;startIn;xv1703a
Flusso_183;ObjectProperty;endIn;k1701a
Flusso_184;Class;Flow;
Flusso_184;ObjectProperty;startIn;xv1703b
Flusso_184;ObjectProperty;endIn;k1701b
Flusso_185;Class;Flow;
Flusso_185;ObjectProperty;startIn;start1
Flusso_185;ObjectProperty;endIn;xv1703a
Flusso_186;Class;Flow;
Flusso_186;ObjectProperty;startIn;start2
Flusso_186;ObjectProperty;endIn;xv1703a
Flusso_187;Class;Flow;
Flusso_187;ObjectProperty;startIn;c1701a
Flusso_187;ObjectProperty;endIn;xv1703a
Flusso_188;Class;Flow;
Flusso_188;ObjectProperty;startIn;c1701b
Flusso_188;ObjectProperty;endIn;xv1703a
Flusso_189;Class;Flow;
Flusso_189;ObjectProperty;startIn;naohstart
Flusso_189;ObjectProperty;endIn;ul60
Flusso_190;Class;Flow;
Flusso_190;ObjectProperty;startIn;start1
Flusso_190;ObjectProperty;endIn;c1701a
Flusso_191;Class;Flow;
Flusso_191;ObjectProperty;startIn;start2
Flusso_191;ObjectProperty;endIn;c1701a
Flusso_192;Class;Flow;
Flusso_192;ObjectProperty;startIn;e1701b
Flusso_192;ObjectProperty;endIn;c1701b
Flusso_193;Class;Flow;
Flusso_193;ObjectProperty;startIn;start1
Flusso_193;ObjectProperty;endIn;c1701b
Flusso_194;Class;Flow;
Flusso_194;ObjectProperty;startIn;start2
Flusso_194;ObjectProperty;endIn;c1701b
Flusso_195;Class;Flow;
Flusso_195;ObjectProperty;startIn;c1701a
Flusso_195;ObjectProperty;endIn;c1701b
Flusso_196;Class;Flow;
Flusso_196;ObjectProperty;startIn;h2ostart2
Flusso_196;ObjectProperty;endIn;e1701a
Flusso_197;Class;Flow;
Flusso_197;ObjectProperty;startIn;xv1739
Flusso_197;ObjectProperty;endIn;e1701a
Flusso_198;Class;Flow;
Flusso_198;ObjectProperty;startIn;p1701a
Flusso_198;ObjectProperty;endIn;e1701a
Flusso_199;Class;Flow;
Flusso_199;ObjectProperty;startIn;h20start3
Flusso_199;ObjectProperty;endIn;e1701b
Flusso_200;Class;Flow;
Flusso_200;ObjectProperty;startIn;p1701c
Flusso_200;ObjectProperty;endIn;e1701b
Flusso_201;Class;Flow;
Flusso_201;ObjectProperty;startIn;ul60
Flusso_201;ObjectProperty;endIn;e1702
Flusso_202;Class;Flow;
Flusso_202;ObjectProperty;startIn;ul61
Flusso_202;ObjectProperty;endIn;e1702
Flusso_203;Class;Flow;
Flusso_203;ObjectProperty;startIn;xv1733
Flusso_203;ObjectProperty;endIn;e1702
Flusso_204;Class;Flow;
Flusso_204;ObjectProperty;startIn;h2odemistart
Flusso_204;ObjectProperty;endIn;ul61
Flusso_205;Class;Flow;
Flusso_205;ObjectProperty;startIn;e1701a
Flusso_205;ObjectProperty;endIn;ul63
Flusso_206;Class;Flow;
Flusso_206;ObjectProperty;startIn;e1701b
Flusso_206;ObjectProperty;endIn;ul64
Flusso_207;Class;Flow;
Flusso_207;ObjectProperty;startIn;e1702
Flusso_207;ObjectProperty;endIn;ul62
Flusso_208;Class;Flow;
Flusso_208;ObjectProperty;startIn;h2ostart
Flusso_208;ObjectProperty;endIn;xv1733
Flusso_209;Class;Flow;
Flusso_209;ObjectProperty;startIn;p1701b
Flusso_209;ObjectProperty;endIn;xv1739
Flusso_210;Class;Flow;
Flusso_210;ObjectProperty;startIn;xv1740
Flusso_210;ObjectProperty;endIn;xv1739
Flusso_211;Class;Flow;
Flusso_211;ObjectProperty;startIn;xv1735
Flusso_211;ObjectProperty;endIn;xv1736
Flusso_212;Class;Flow;
Flusso_212;ObjectProperty;startIn;c1701a
Flusso_212;ObjectProperty;endIn;xv1735
Flusso_213;Class;Flow;
Flusso_213;ObjectProperty;startIn;p1701c
Flusso_213;ObjectProperty;endIn;xv1740
Flusso_214;Class;Flow;
Flusso_214;ObjectProperty;startIn;e1702
Flusso_214;ObjectProperty;endIn;xv1706c
Flusso_215;Class;Flow;
Flusso_215;ObjectProperty;startIn;xv1736
Flusso_215;ObjectProperty;endIn;xv1707c
Flusso_216;Class;Flow;
Flusso_216;ObjectProperty;startIn;c1701b
Flusso_216;ObjectProperty;endIn;xv1707c
Flusso_217;Class;Flow;
Flusso_217;ObjectProperty;startIn;xv1738
Flusso_217;ObjectProperty;endIn;p1701b
Flusso_218;Class;Flow;
Flusso_218;ObjectProperty;startIn;xv1735
Flusso_218;ObjectProperty;endIn;xv1707a
Flusso_219;Class;Flow;
Flusso_219;ObjectProperty;startIn;c1701a
Flusso_219;ObjectProperty;endIn;xv1707a
Flusso_220;Class;Flow;
Flusso_220;ObjectProperty;startIn;e1702
Flusso_220;ObjectProperty;endIn;xv1706b
Flusso_221;Class;Flow;
Flusso_221;ObjectProperty;startIn;p1702a
Flusso_221;ObjectProperty;endIn;stoccaggioexit
Flusso_222;Class;Flow;
Flusso_222;ObjectProperty;startIn;p1702b
Flusso_222;ObjectProperty;endIn;stoccaggioexit
Flusso_223;Class;Flow;
Flusso_223;ObjectProperty;startIn;xv1737
Flusso_223;ObjectProperty;endIn;p1701a
Flusso_224;Class;Flow;
Flusso_224;ObjectProperty;startIn;xv1709c
Flusso_224;ObjectProperty;endIn;p1701c
Flusso_225;Class;Flow;
Flusso_225;ObjectProperty;startIn;e1702
Flusso_225;ObjectProperty;endIn;xv1706a
Flusso_226;Class;Flow;
Flusso_226;ObjectProperty;startIn;xv1706c
Flusso_226;ObjectProperty;endIn;v1701c
Flusso_227;Class;Flow;
Flusso_227;ObjectProperty;startIn;xv1707c
Flusso_227;ObjectProperty;endIn;v1701c
Flusso_228;Class;Flow;
Flusso_228;ObjectProperty;startIn;xv1706b
Flusso_228;ObjectProperty;endIn;v1701b
Flusso_229;Class;Flow;
Flusso_229;ObjectProperty;startIn;xv1735
Flusso_229;ObjectProperty;endIn;v1701b
Flusso_230;Class;Flow;
Flusso_230;ObjectProperty;startIn;xv1706a
Flusso_230;ObjectProperty;endIn;v1701a
Flusso_231;Class;Flow;
Flusso_231;ObjectProperty;startIn;xv1707a
Flusso_231;ObjectProperty;endIn;v1701a
Flusso_232;Class;Flow;
Flusso_232;ObjectProperty;startIn;v1701c
Flusso_232;ObjectProperty;endIn;xv1701c
Flusso_233;Class;Flow;
Flusso_233;ObjectProperty;startIn;xv1741
Flusso_233;ObjectProperty;endIn;xv1709c
Flusso_234;Class;Flow;
Flusso_234;ObjectProperty;startIn;v1701c
Flusso_234;ObjectProperty;endIn;xv1741
Flusso_235;Class;Flow;
Flusso_235;ObjectProperty;startIn;v1701b
Flusso_235;ObjectProperty;endIn;xv1701b
Flusso_236;Class;Flow;
Flusso_236;ObjectProperty;startIn;v1701b
Flusso_236;ObjectProperty;endIn;xv1709b
Flusso_237;Class;Flow;
Flusso_237;ObjectProperty;startIn;v1701a
Flusso_237;ObjectProperty;endIn;xv1701a
Flusso_238;Class;Flow;
Flusso_238;ObjectProperty;startIn;v1701a
Flusso_238;ObjectProperty;endIn;xv1709a
Flusso_239;Class;Flow;
Flusso_239;ObjectProperty;startIn;xv1709b
Flusso_239;ObjectProperty;endIn;xv1738
Flusso_240;Class;Flow;
Flusso_240;ObjectProperty;startIn;xv1709a
Flusso_240;ObjectProperty;endIn;xv1738
Flusso_241;Class;Flow;
Flusso_241;ObjectProperty;startIn;xv1701a
Flusso_241;ObjectProperty;endIn;p1702a
Flusso_242;Class;Flow;
Flusso_242;ObjectProperty;startIn;xv1701c
Flusso_242;ObjectProperty;endIn;p1702a
Flusso_243;Class;Flow;
Flusso_243;ObjectProperty;startIn;xv1709a
Flusso_243;ObjectProperty;endIn;xv1737
Flusso_244;Class;Flow;
Flusso_244;ObjectProperty;startIn;xv1701a
Flusso_244;ObjectProperty;endIn;p1702b
Flusso_245;Class;Flow;
Flusso_245;ObjectProperty;startIn;xv1701c
Flusso_245;ObjectProperty;endIn;p1702b
ai1724;Class;Sensor;
ppm;Class;UnitOfMeasure;
ai1724;ObjectProperty;canMeasureIn;ppm
ai1724;ObjectProperty;isContainedIn;k1701b
pic1701;Class;Sensor;
mmh20;Class;UnitOfMeasure;
pic1701;ObjectProperty;canMeasureIn;mmh20
pic1701;ObjectProperty;isContainedIn;ul65
dpi1702b;Class;Sensor;
percentage;Class;UnitOfMeasure;
dpi1702b;ObjectProperty;canMeasureIn;percentage
dpi1702b;ObjectProperty;isContainedIn;c1701b
fi1712a;Class;Sensor;
m3-h;Class;UnitOfMeasure;
fi1712a;ObjectProperty;canMeasureIn;m3-h
fi1712a;ObjectProperty;isContainedIn;e1701a
dpi1702a;Class;Sensor;
percentage;Class;UnitOfMeasure;
dpi1702a;ObjectProperty;canMeasureIn;percentage
dpi1702a;ObjectProperty;isContainedIn;c1701a
node-fic1702;Class;Sensor;
l-h+ul-n60;Class;UnitOfMeasure;
node-fic1702;ObjectProperty;canMeasureIn;l-h+ul-n60
node-fic1702;ObjectProperty;isContainedIn;naohstart
node-fic1702;ObjectProperty;isContainedIn;ul60
fi1712b;Class;Sensor;
percentage;Class;UnitOfMeasure;
fi1712b;ObjectProperty;canMeasureIn;percentage
fi1712b;ObjectProperty;isContainedIn;c1701b
fq1702;Class;Sensor;
lt;Class;UnitOfMeasure;
fq1702;ObjectProperty;canMeasureIn;lt
fq1702;ObjectProperty;isContainedIn;ul60
fq1703;Class;Sensor;
lt;Class;UnitOfMeasure;
fq1703;ObjectProperty;canMeasureIn;lt
fq1703;ObjectProperty;isContainedIn;ul60
fic1703;Class;Sensor;
l-h;Class;UnitOfMeasure;
fic1703;ObjectProperty;canMeasureIn;l-h
fic1703;ObjectProperty;isContainedIn;ul61
ti1715b;Class;Sensor;
c;Class;UnitOfMeasure;
ti1715b;ObjectProperty;canMeasureIn;c
ti1715b;ObjectProperty;isContainedIn;c1701b
ti1715a;Class;Sensor;
c;Class;UnitOfMeasure;
ti1715a;ObjectProperty;canMeasureIn;c
ti1715a;ObjectProperty;isContainedIn;c1701a
li1704b;Class;Sensor;
percentage;Class;UnitOfMeasure;
li1704b;ObjectProperty;canMeasureIn;percentage
li1704b;ObjectProperty;isContainedIn;v1701b
li1704c;Class;Sensor;
percentage;Class;UnitOfMeasure;
li1704c;ObjectProperty;canMeasureIn;percentage
li1704c;ObjectProperty;isContainedIn;v1701c
li1704a;Class;Sensor;
percentage;Class;UnitOfMeasure;
li1704a;ObjectProperty;canMeasureIn;percentage
li1704a;ObjectProperty;isContainedIn;v1701a
pic1702;Class;Sensor;
bar;Class;UnitOfMeasure;
pic1702;ObjectProperty;canMeasureIn;bar
pic1702;ObjectProperty;isContainedIn;p1702a
pic1702;ObjectProperty;isContainedIn;p1702b
start1;ObjectProperty;to;ul65
start2;ObjectProperty;to;ul65
start1;ObjectProperty;to;xv1703b
start2;ObjectProperty;to;xv1703b
c1701a;ObjectProperty;to;xv1703b
c1701b;ObjectProperty;to;xv1703b
ul65;ObjectProperty;to;v1702
xv1703a;ObjectProperty;to;k1701a
xv1703b;ObjectProperty;to;k1701b
start1;ObjectProperty;to;xv1703a
start2;ObjectProperty;to;xv1703a
c1701a;ObjectProperty;to;xv1703a
c1701b;ObjectProperty;to;xv1703a
naohstart;ObjectProperty;to;ul60
start1;ObjectProperty;to;c1701a
start2;ObjectProperty;to;c1701a
e1701b;ObjectProperty;to;c1701b
start1;ObjectProperty;to;c1701b
start2;ObjectProperty;to;c1701b
c1701a;ObjectProperty;to;c1701b
h2ostart2;ObjectProperty;to;e1701a
xv1739;ObjectProperty;to;e1701a
p1701a;ObjectProperty;to;e1701a
h20start3;ObjectProperty;to;e1701b
p1701c;ObjectProperty;to;e1701b
ul60;ObjectProperty;to;e1702
ul61;ObjectProperty;to;e1702
xv1733;ObjectProperty;to;e1702
h2odemistart;ObjectProperty;to;ul61
e1701a;ObjectProperty;to;ul63
e1701b;ObjectProperty;to;ul64
e1702;ObjectProperty;to;ul62
h2ostart;ObjectProperty;to;xv1733
p1701b;ObjectProperty;to;xv1739
xv1740;ObjectProperty;to;xv1739
xv1735;ObjectProperty;to;xv1736
c1701a;ObjectProperty;to;xv1735
p1701c;ObjectProperty;to;xv1740
e1702;ObjectProperty;to;xv1706c
xv1736;ObjectProperty;to;xv1707c
c1701b;ObjectProperty;to;xv1707c
xv1738;ObjectProperty;to;p1701b
xv1735;ObjectProperty;to;xv1707a
c1701a;ObjectProperty;to;xv1707a
e1702;ObjectProperty;to;xv1706b
p1702a;ObjectProperty;to;stoccaggioexit
p1702b;ObjectProperty;to;stoccaggioexit
xv1737;ObjectProperty;to;p1701a
xv1709c;ObjectProperty;to;p1701c
e1702;ObjectProperty;to;xv1706a
xv1706c;ObjectProperty;to;v1701c
xv1707c;ObjectProperty;to;v1701c
xv1706b;ObjectProperty;to;v1701b
xv1735;ObjectProperty;to;v1701b
xv1706a;ObjectProperty;to;v1701a
xv1707a;ObjectProperty;to;v1701a
v1701c;ObjectProperty;to;xv1701c
xv1741;ObjectProperty;to;xv1709c
v1701c;ObjectProperty;to;xv1741
v1701b;ObjectProperty;to;xv1701b
v1701b;ObjectProperty;to;xv1709b
v1701a;ObjectProperty;to;xv1701a
v1701a;ObjectProperty;to;xv1709a
xv1709b;ObjectProperty;to;xv1738
xv1709a;ObjectProperty;to;xv1738
xv1701a;ObjectProperty;to;p1702a
xv1701c;ObjectProperty;to;p1702a
xv1709a;ObjectProperty;to;xv1737
xv1701a;ObjectProperty;to;p1702b
xv1701c;ObjectProperty;to;p1702b
